created_at,channel,action,asset_or_copy,posting_url,tracking_link,status,reply_count,lead_count,next_check_at,owner,notes
2026-07-07,Instagram Reels,post pain-point reel,gowind-mistake-hook,,"https://bluehourchina.com/route-note/?utm_source=instagram&utm_medium=pinned_comment&utm_campaign=first_customer_week&angle=yunnan_slow_route",ready_not_posted,0,0,2026-07-07 18:00,若青中國旅策,"After posting, paste reel URL into posting_url and pin 24-hour route-note comment."
2026-07-07,TikTok,post same pain-point short,gowind-mistake-hook,,"https://bluehourchina.com/route-note/?utm_source=tiktok&utm_medium=pinned_comment&utm_campaign=first_customer_week&angle=yunnan_slow_route",ready_not_posted,0,0,2026-07-07 18:00,若青中國旅策,"Use same hook; reply to any route/day/budget comment within 12 hours."
2026-07-07,YouTube Shorts,post pain-point short,gowind-mistake-hook,,"https://bluehourchina.com/route-note/?utm_source=youtube_comment&utm_medium=shorts&utm_campaign=first_customer_week&angle=yunnan_slow_route",ready_not_posted,0,0,2026-07-07 18:00,若青中國旅策,"Pin 24-hour route-note link in first comment."
2026-07-07,Instagram Story,post three-frame story,story-copy-day1,,"https://bluehourchina.com/route-note/?utm_source=instagram&utm_medium=story&utm_campaign=first_customer_week&angle=yunnan_slow_route",ready_not_posted,0,0,2026-07-07 18:00,若青中國旅策,"Use link sticker. Ask viewers to answer month and group size."
2026-07-07,LINE/DM,send 20 warm referral messages,warm-dm-copy,,"https://bluehourchina.com/refer/?utm_source=line&utm_medium=warm_dm&utm_campaign=first_customer_week&angle=warm_referral",ready_not_sent,0,0,2026-07-07 21:00,若青中國旅策,"Send to people who may know travellers, not only direct travellers."
2026-07-07,Tripadvisor,reply to verified Yunnan thread,first-customer-verified-reply-2026-07-07,https://www.tripadvisor.co.uk/ShowTopic-g294211-i642-k15451421-16_days_in_Yunnan_from_end_of_Jan_to_Feb_10_advise-China.html,"https://bluehourchina.com/route-note/?utm_source=tripadvisor&utm_medium=forum_reply&utm_campaign=first_customer_week&angle=yunnan_16_days",ready_not_posted,0,0,2026-07-08 09:00,若青中國旅策,"Use strict no-link version if forum rules look strict."
2026-07-07,Tripadvisor,reply to natural wonders 15-day thread,tripadvisor-natural-wonders-reply,https://www.tripadvisor.co.uk/ShowTopic-g294211-i642-k15550431-First_trip_to_China_Which_natural_wonders_to_add-China.html,"https://bluehourchina.com/china-travel/china-natural-wonders-15-days/?utm_source=tripadvisor&utm_medium=forum_reply&utm_campaign=first_customer_week&angle=natural_wonders_15d",approved_manual_post_required,0,0,2026-07-07 23:00,若青中國旅策,"Approved by user; requires manual Tripadvisor posting because browser/account automation is unavailable. Use no-link decision-framework reply first."
2026-07-07,Tripadvisor,reply to payment thread,tripadvisor-payment-layered-update,https://www.tripadvisor.co.uk/ShowTopic-g294211-i642-k14734141-Money_matters_Payment_in_China_for_foreign_visitors-China.html,"https://bluehourchina.com/payment-rescue/?utm_source=tripadvisor&utm_medium=forum_reply&utm_campaign=first_customer_week&angle=payment_rescue",approved_manual_post_required,0,0,2026-07-07 23:00,若青中國旅策,"Approved by user; requires manual Tripadvisor posting because browser/account automation is unavailable. Use no-link layered-payment update first."
2026-07-07,Tripadvisor,reply to Zhangjiajie senior route thread,tripadvisor-zhangjiajie-senior-route,https://www.tripadvisor.co.uk/ShowTopic-g494933-i14757-k15550534-Stairway_to_HeaveWhich_is_the_best_route_for_two_Sr_citizens-Zhangjiajie_Hunan.html,"https://bluehourchina.com/china-travel/zhangjiajie-senior-friendly-route/?utm_source=tripadvisor&utm_medium=forum_reply&utm_campaign=first_customer_week&angle=zhangjiajie_senior_route",approved_manual_post_required,0,0,2026-07-07 23:20,若青中國旅策,"Approved by user; requires manual Tripadvisor posting because browser/account automation is unavailable. High comfort fit: F63/M72, stairs, heights and route risk."
2026-07-07,Tripadvisor,reply to Guangzhou luxury hotel family thread,tripadvisor-guangzhou-luxury-family,https://www.tripadvisor.co.uk/ShowTopic-g298555-i3651-k15548498-Reccomendation_luxury_hotel-Guangzhou_Guangdong.html,"https://bluehourchina.com/china-travel/guangzhou-luxury-hotel-family/?utm_source=tripadvisor&utm_medium=forum_reply&utm_campaign=first_customer_week&angle=guangzhou_luxury_family",approved_manual_post_required,0,0,2026-07-07 23:30,若青中國旅策,"Approved by user; requires manual Tripadvisor posting because browser/account automation is unavailable. Luxury hotel and family comfort signal."
2026-07-07,Tripadvisor,hold Guangzhou Guilin transfer thread,tripadvisor-guangzhou-guilin-transfer,https://www.tripadvisor.co.uk/ShowTopic-g294211-i642-k15552987-Guangzhou_Guilin-China.html,"https://bluehourchina.com/route-note/?utm_source=tripadvisor&utm_medium=forum_reply&utm_campaign=first_customer_week&angle=guangzhou_guilin_transfer",hold_low_priority,0,0,2026-07-08 09:00,若青中國旅策,"OP already thanked a useful answer. Use only if needing a third low-pressure reply."
2026-07-07,Facebook Groups,search and reply to 2 Yunnan questions,public-reply-template-en,,"https://bluehourchina.com/route-note/?utm_source=facebook&utm_medium=group_reply&utm_campaign=first_customer_week&angle=facebook_group",ready_not_posted,0,0,2026-07-08 09:00,若青中國旅策,"Only reply where self-promotion or helpful recommendations are allowed."
2026-07-07,Backpackers,reply to Yunnan route thread if logged in,public-reply-template-zh,https://www.backpackers.com.tw/forum/showthread.php?t=10565820,"https://bluehourchina.com/route-note/?utm_source=backpackers&utm_medium=forum_reply&utm_campaign=first_customer_week&angle=yunnan_slow_route",needs_login,0,0,2026-07-08 09:00,若青中國旅策,"Browser check confirmed the thread is readable and has reply links, but current state shows login/register and no reply textarea. Log in before posting; answer route order first and link only if rules allow."
2026-07-07,Reddit,reply to payment and app-prep questions,before-china-payment-reply,,"https://bluehourchina.com/before-china/?utm_source=reddit&utm_medium=reply&utm_campaign=first_customer_week&angle=payment_setup",ready_not_posted,0,0,2026-07-07 22:00,若青中國旅策,"Search WeChat Pay, Alipay, payment, Visa Mastercard in r/travelchina and r/chinatravel; use no-link version if rules are strict."
2026-07-07,Reddit/Forums,reply to WeChat Pay Visa questions,wechat-pay-visa-mastercard-guide,,"https://bluehourchina.com/before-china/wechat-pay-visa-mastercard/?utm_source=community&utm_medium=reply&utm_campaign=first_customer_week&angle=wechat_pay",ready_not_posted,0,0,2026-07-07 22:30,若青中國旅策,"Use when the exact question is WeChat Pay with Visa/Mastercard or foreign cards. Answer first; link only if rules allow."
2026-07-07,Reddit/Forums,reply to PayPal WeChat Pay 2026 questions,paypal-wechat-pay-2026-guide,,"https://bluehourchina.com/before-china/wechat-pay-paypal-china-2026/?utm_source=community&utm_medium=reply&utm_campaign=first_customer_week&angle=paypal_wechat_pay_2026",ready_not_posted,0,0,2026-07-07 22:45,若青中國旅策,"Use when the exact question is PayPal, WeChat Pay, Visa/Mastercard or foreign payment in China in 2026. Answer with layered-payment caution first; route-note link only after real travel details."
2026-07-07,Reddit/Forums,reply to payment checklist questions,china-payment-checklist-guide,,"https://bluehourchina.com/before-china/china-payment-checklist/?utm_source=community&utm_medium=reply&utm_campaign=first_customer_week&angle=payment_setup",ready_not_posted,0,0,2026-07-07 22:30,若青中國旅策,"Use for Alipay/WeChat Pay/card/cash questions. Qualify for route help if traveller mentions Yunnan/Xinjiang/Dunhuang/Sanya/Northeast."
2026-07-07,Reddit/Forums,reply to app eSIM SMS questions,china-travel-apps-before-trip-guide,,"https://bluehourchina.com/before-china/china-travel-apps-before-trip/?utm_source=community&utm_medium=reply&utm_campaign=first_customer_week&angle=apps_sms",ready_not_posted,0,0,2026-07-07 22:30,若青中國旅策,"Use for eSIM/SMS/maps/translation/hotel-address questions. Convert to route review only after useful practical answer."
2026-07-07,Instagram Reels,post Before China prep reel,before-china-payment-script,,"https://bluehourchina.com/before-china/?utm_source=instagram&utm_medium=reel&utm_campaign=first_customer_week&angle=payment_setup",ready_not_posted,0,0,2026-07-07 22:00,若青中國旅策,"Use English script from ops/first-customer-before-china-launch-pack-2026-07-07.md; CTA to checklist then DM warm replies to the route-note form."
2026-07-07,Instagram/Threads,post route-note social card,bluehour-route-note-24h.png,,"https://bluehourchina.com/route-note/?utm_source=instagram&utm_medium=social_card&utm_campaign=first_customer_week&angle=route_note_24h",ready_not_posted,0,0,2026-07-08 09:00,若青中國旅策,"Use assets/social/bluehour-route-note-24h.png with a direct route-note CTA."
2026-07-07,LINE/WhatsApp/Email,share referral social card,bluehour-referral-card.png,,"https://bluehourchina.com/refer/?utm_source=warm_network&utm_medium=social_card&utm_campaign=first_customer_week&angle=warm_referral",ready_not_sent,0,0,2026-07-08 09:00,若青中國旅策,"Use assets/social/bluehour-referral-card.png when asking friends and partners for introductions."
2026-07-07,Instagram/Threads,post payment 2026 social card,bluehour-payment-2026-card.png,,"https://bluehourchina.com/before-china/wechat-pay-paypal-china-2026/?utm_source=instagram&utm_medium=social_card&utm_campaign=first_customer_week&angle=paypal_wechat_pay_2026",ready_not_posted,0,0,2026-07-08 09:00,若青中國旅策,"Use assets/social/bluehour-payment-2026-card.png for WeChat Pay / PayPal / Visa / Mastercard practical-prep angle."
2026-07-07,LINE/WhatsApp,send 10 before-China referral messages,before-china-warm-dm,,"https://bluehourchina.com/before-china/?utm_source=whatsapp&utm_medium=warm_network&utm_campaign=first_customer_week&angle=payment_setup",ready_not_sent,0,0,2026-07-07 22:00,若青中國旅策,"Send to people who may know foreign travellers, international students, expats or Asia travel planners."
2026-07-07,LINE/WhatsApp/Email,send 20 warm referral intros,warm-referral-page,,"https://bluehourchina.com/refer/?utm_source=warm_network&utm_medium=referral&utm_campaign=first_customer_week&angle=warm_referral",ready_not_sent,0,0,2026-07-08 09:00,若青中國旅策,"Use the referral page for people who may know foreign travellers. This action does not require public posting approval, but any actual sending from user accounts should be done by the account owner or after explicit approval."
2026-07-07,LINE/WhatsApp/Email,send 15 partner referral messages,first-customer-partner-outreach,,"https://bluehourchina.com/refer/?utm_source=partner&utm_medium=direct_message&utm_campaign=first_customer_week&angle=partner_referral",ready_not_sent,0,0,2026-07-08 09:00,若青中國旅策,"Send to travel advisors, education contacts, expat/business contacts, hospitality friends and overseas Chinese connectors. Use ops/first-customer-partner-outreach.html and ops/first-customer-partner-targets-2026-07-07.csv."
2026-07-07,Reddit/Facebook/Threads,run zero-link first-touch sprint,first-customer-zero-link-sprint-2026-07-07,,"https://bluehourchina.com/route-note/?utm_source=direct_reply&utm_medium=qualified_conversation&utm_campaign=first_customer_week&angle=route_note_24h",ready_not_posted,0,0,2026-07-07 23:59,若青中國旅策,"Use no-link replies first; only send tracked route-note form after the traveller replies with month/group/days/comfort/contact."
2026-07-07,Direct Reply / Referral,send 24-hour route note link after intent,route-note-24h,,"https://bluehourchina.com/route-note/?utm_source=direct_reply&utm_medium=qualified_conversation&utm_campaign=first_customer_week&angle=route_note_24h",ready_after_reply_only,0,0,2026-07-08 09:00,若青中國旅策,"Use only after a traveller provides or asks about month, group size, route days, comfort, destination or contact. This is the fastest conversion page for first-customer follow-up."
2026-07-07,Email,attempt Gmail SMTP partner follow-up,gmail-smtp-login-test,,"https://bluehourchina.com/ops/first-customer-partner-followup-2026-07-07.html",blocked_auth,0,0,2026-07-07 23:59,若青中國旅策,"Gmail SMTP rejected username/password with 535 BadCredentials. Do not retry SMTP; use Gmail web/mailto/manual send for the four one-tap partner follow-ups."
2026-07-07,Hutong contact form,attempt Hutong partner contact form,contact.nihaocafe.com/hutong,https://contact.nihaocafe.com/hutong,"https://bluehourchina.com/route-note/?utm_source=partner&utm_medium=hutong_school&utm_campaign=first_customer_week&angle=student_family_route",blocked_form_required_country,0,0,2026-07-07 23:59,若青中國旅策,"Form loaded and fields filled, but submission remained blocked by Country is required validation. Do not count as sent; use marketing@thatsmandarin.com or manual mailto follow-up."
2026-07-07,Partner research,verified China Admissions public support email,china-admissions-support,https://www.china-admissions.com/support/,"https://bluehourchina.com/route-note/?utm_source=partner_followup&utm_medium=china_admissions&utm_campaign=first_customer_week&angle=student_parent_route",ready_not_sent,0,0,2026-07-08 09:00,若青中國旅策,"Public support page shows info@china-admissions.com. Added one-tap Gmail draft to partner follow-up console; do not count as sent until Gmail send is confirmed."
2026-07-07,Partner research,checked Keats Chinese School contact page,keats-contact-page,https://keatschinese.com/contact-us/,"https://bluehourchina.com/route-note/?utm_source=partner&utm_medium=keats_chinese&utm_campaign=first_customer_week&angle=yunnan_student_route",blocked_cloudflare,0,0,2026-07-08 09:00,若青中國旅策,"Keats contact page returned Cloudflare 403 in automated check. Manual research only; not counted as sent."
2026-07-07,Partner console,upgraded partner follow-up control room,first-customer-partner-followup-2026-07-07.html,https://bluehourchina.com/ops/first-customer-partner-followup-2026-07-07.html,"https://bluehourchina.com/route-note/?utm_source=partner_followup&utm_medium=batch&utm_campaign=first_customer_week&angle=partner_referral",ready_not_sent,0,0,2026-07-08 09:00,若青中國旅策,"Added Gmail compose links for Go Abroad China, That's Mandarin, China Admissions, The Beijinger and Jingkids / True Run. Requires manual Send click; not yet a lead."
2026-07-07,Send-now console,created 15-minute send-now execution board,first-customer-2026-07-07-15min-send-now.html,https://bluehourchina.com/ops/first-customer-2026-07-07-15min-send-now.html,"https://bluehourchina.com/route-note/?utm_source=send_now&utm_medium=ops&utm_campaign=first_customer_week&angle=route_note_24h",ready_not_sent,0,0,2026-07-08 09:00,若青中國旅策,"Single mobile-first page for one payment-comfort social post, five partner Gmail drafts, eight warm referral messages, qualification reply and execution-row proof. Does not count as sent until live post URL or manual send rows are recorded."
2026-07-07,Public forums + warm network,complete 12 high-intent replies,first-customer-2026-07-07-high-intent-reply-board.html,https://bluehourchina.com/ops/first-customer-2026-07-07-high-intent-reply-board.html,"https://bluehourchina.com/route-note/?utm_source=high_intent_reply&utm_medium=manual&utm_campaign=first_customer_week&angle=route_note_24h",ready_not_posted,0,0,2026-07-07 22:00,若青中國旅策,"One mobile page for 4 known high-intent forum replies, 4 social search replies and 4 warm referral messages. Does not count as sent until live URLs or manual batch proof are recorded."
2026-07-07,Google search + Reddit-visible results,prioritize recent payment questions,payment-first-high-intent-update,https://bluehourchina.com/ops/first-customer-2026-07-07-high-intent-reply-board.html,"https://bluehourchina.com/payment-rescue/?utm_source=payment_search_reply&utm_medium=manual&utm_campaign=first_customer_week&angle=payment_rescue",ready_not_posted,0,0,2026-07-07 22:30,若青中國旅策,"Live check found Reddit direct endpoints blocked by network security, while Google search surfaces recent r/travelchina payment questions. Use Google search links and payment-first replies before generic itinerary replies."
2026-07-07,Payment rescue funnel,added card-failure rescue section,china-payment-checklist-payment-rescue,https://bluehourchina.com/before-china/china-payment-checklist/?utm_source=payment_search_reply&utm_medium=manual&utm_campaign=first_customer_week&angle=payment_rescue#payment-rescue,"https://bluehourchina.com/before-china/china-payment-checklist/?utm_source=payment_search_reply&utm_medium=manual&utm_campaign=first_customer_week&angle=payment_rescue#payment-rescue",ready_not_posted,0,0,2026-07-07 22:30,若青中國旅策,"Public payment checklist now directly addresses travellers whose card already failed after arrival and points to the existing route-check form. Use after payment-problem replies, not as a cold hard-sell link."
2026-07-07,AI search discovery,submitted payment rescue discovery updates to IndexNow,ai-llms-sitemap-payment-rescue,https://bluehourchina.com/llms.txt,"https://bluehourchina.com/before-china/china-payment-checklist/?utm_source=ai_discovery&utm_medium=llms&utm_campaign=first_customer_week&angle=payment_rescue#payment-rescue",ready_not_posted,0,0,2026-07-07 23:20,若青中國旅策,"Updated llms.txt, llms-full.txt, ai reference page and sitemap so AI/search systems can identify payment rescue and route-note as the preferred conversion path. IndexNow submitted 65 URLs with 200 OK. Not a public post and not a lead."
2026-07-07,Acquisition board cleanup,aligned mobile and high-intent boards to route-note/payment-rescue,first-customer-action-boards-route-note,https://bluehourchina.com/ops/first-customer-2026-07-07-15min-send-now.html,"https://bluehourchina.com/route-note/?utm_source=high_intent_reply&utm_medium=manual&utm_campaign=first_customer_week&angle=route_note_24h",ready_not_posted,0,0,2026-07-07 23:45,若青中國旅策,"Removed stale quick/china routing from the active high-intent and mobile action boards, added a forum-style payment reply, and kept all current acquisition actions pointed to route-note or payment rescue. Not a public post and not a lead."
2026-07-07,Conversion landing,created short payment rescue route-check page,payment-rescue,https://bluehourchina.com/payment-rescue/,"https://bluehourchina.com/payment-rescue/?utm_source=threads&utm_medium=post&utm_campaign=first_customer_week&angle=payment_rescue",ready_not_posted,0,0,2026-07-08 00:20,若青中國旅策,"Added a short high-intent landing page for card, Alipay, WeChat Pay, SMS, taxi, hotel, ticket or transfer payment failure. Action boards, sitemap and AI-readable files now point urgent payment traffic to /payment-rescue/. Not a public post and not a lead."
2026-07-07,AI search discovery,submitted payment rescue page to IndexNow,payment-rescue-indexnow,https://bluehourchina.com/payment-rescue/,"https://bluehourchina.com/payment-rescue/?utm_source=ai_discovery&utm_medium=indexnow&utm_campaign=first_customer_week&angle=payment_rescue",ready_not_posted,0,0,2026-07-08 00:30,若青中國旅策,"Submitted the updated sitemap with 66 URLs to IndexNow and received 200 OK. This helps discovery but is not a public post and not a lead."
2026-07-07,Live social execution,created payment rescue live posting console,first-customer-payment-rescue-live,https://bluehourchina.com/ops/first-customer-2026-07-07-payment-rescue-live.html,"https://bluehourchina.com/payment-rescue/?utm_source=threads&utm_medium=post&utm_campaign=first_customer_week&angle=payment_rescue",ready_not_posted,0,0,2026-07-08 09:00,若青中國旅策,"Created a mobile-first live posting console with public post copy, Google search links for high-intent payment questions, low-pressure replies, warm referral copy and execution-row builders. Not a public post and not a lead until live URLs or send proof are recorded."
2026-07-07,Lead operations,upgraded payment rescue lead triage,first-customer-lead-triage,https://bluehourchina.com/ops/first-customer-lead-triage.html,"https://bluehourchina.com/payment-rescue/?utm_source=lead_triage&utm_medium=ops&utm_campaign=first_customer_week&angle=payment_rescue",ready_not_posted,0,0,2026-07-08 09:00,若青中國旅策,"Lead triage now recognizes travellers already in China with card, Alipay, WeChat Pay, SMS, taxi, hotel, ticket or transfer payment friction as high-priority payment rescue leads. Not a public post and not a lead until a real traveller reply is logged."
2026-07-07,Live social execution,created 45-minute first-lead room,first-customer-2026-07-07-45min-lead-room.html,https://bluehourchina.com/ops/first-customer-2026-07-07-45min-lead-room.html,"https://bluehourchina.com/payment-rescue/?utm_source=threads&utm_medium=post&utm_campaign=first_customer_week&angle=payment_rescue",ready_not_sent,0,0,2026-07-08 09:00,若青中國旅策,"Condensed the active acquisition flow into one mobile-first page: one payment rescue public post, six high-intent payment/route replies, ten warm referral messages and proof-row builders. Not a public post and not a lead until live URLs, manual send proof or traveller replies are recorded."
2026-07-07,Live social execution,created 10 real-send queue,first-customer-2026-07-07-real-send-queue.html,https://bluehourchina.com/ops/first-customer-2026-07-07-real-send-queue.html,"https://bluehourchina.com/payment-rescue/?utm_source=threads&utm_medium=post&utm_campaign=first_customer_week&angle=payment_rescue",ready_not_sent,0,0,2026-07-08 09:00,若青中國旅策,"Condensed the next action into 10 concrete sends: one public payment rescue post, four approved Tripadvisor replies and five partner Gmail drafts. This is still not a lead until live URLs, manual send proof or traveller replies are recorded."
2026-07-07,Lead operations,created proof capture and follow-up row builder,first-customer-2026-07-07-proof-capture.html,https://bluehourchina.com/ops/first-customer-2026-07-07-proof-capture.html,"https://bluehourchina.com/ops/first-customer-lead-triage.html",ready_not_sent,0,0,2026-07-08 09:00,若青中國旅策,"Created a mobile proof-capture page that converts any posted URL, sent-email proof or manual screenshot note into execution-log and follow-up-tracker rows. Not a public post and not a lead; it prevents sent actions from disappearing from the funnel."
2026-07-07,Search conversion,added homepage Before China search bridge,home-before-china-search-bridge,https://bluehourchina.com/#before-china-search,"https://bluehourchina.com/before-china/?utm_source=home_search_bridge&utm_medium=site&utm_campaign=before_china_search_cluster&angle=before_china_setup",ready_live,0,0,2026-07-08 10:00,若青中國旅策,"Added a homepage bridge for high-intent payment, phone setup, WeChat Pay card setup and payment-rescue searches, then updated AI-readable summaries and sitemap. Not a lead yet; improves discovery and routes practical-search visitors toward route-note/payment-rescue."
2026-07-07,AI search discovery,submitted updated sitemap after homepage search bridge,indexnow-home-search-bridge,https://bluehourchina.com/#before-china-search,"https://bluehourchina.com/before-china/?utm_source=ai_discovery&utm_medium=indexnow&utm_campaign=before_china_search_cluster&angle=before_china_setup",submitted,0,0,2026-07-08 10:10,若青中國旅策,"Submitted 66 URLs to IndexNow after adding the homepage Before China search bridge. Response was 200 OK. Discovery support only; not a lead."
2026-07-07,Lead operations,connected all website forms to Google Sheet,google-sheet-webapp-intake,https://docs.google.com/spreadsheets/d/1Nl6MXdnEQyKf68rTnO8KVQw0CtDAA3A9JCwwvUXCEps/edit,"https://bluehourchina.com/quick/en/?utm_source=codex&utm_medium=e2e&utm_campaign=sheet_browser_e2e",verified_live,0,0,2026-07-08 09:00,若青中國旅策,"Deployed Apps Script Web App intake and applied it to 69 lead-form pages, including before-China inline forms. Verified curl POST, browser E2E success message, Google Sheet row creation, generate_lead event audit and mobile layout audit. Test rows were marked Test / Low."
2026-07-07,Lead operations,verified live website Google Sheet intake,live-google-sheet-e2e,https://bluehourchina.com/quick/en/,"https://bluehourchina.com/quick/en/?utm_source=codex&utm_medium=live_e2e&utm_campaign=sheet_live_e2e",verified_live,0,0,2026-07-08 09:00,若青中國旅策,"After GitHub Pages refreshed, submitted the live quick/en form through headless browser. Page showed success, provider stayed google_sheet_webapp, generate_lead event fired, and Leads CRM row 510 was created then marked Test / Low."
2026-07-07,Gmail partner,sent China Admissions route-note email,partner-china-admissions,manual_gmail_sent_bluehourchina,"https://bluehourchina.com/route-note/?utm_source=partner_followup&utm_medium=china_admissions&utm_campaign=first_customer_week&angle=student_parent_route",sent,0,0,2026-07-09 09:00,若青中國旅策,"Sent from bluehourchina@gmail.com to info@china-admissions.com. Ask was student/parent route-note referral or correct resource contact."
2026-07-07,Gmail partner,sent Go Abroad China route-note email,partner-go-abroad-china,manual_gmail_sent_bluehourchina,"https://bluehourchina.com/route-note/?utm_source=partner_followup&utm_medium=go_abroad_china&utm_campaign=first_customer_week&angle=study_abroad_route",sent,0,0,2026-07-09 09:00,若青中國旅策,"Sent from bluehourchina@gmail.com to inquiry@goabroadchina.com. Ask was participant/family route-note referral or correct partnership contact."
2026-07-07,Gmail partner,sent That's Mandarin route-note email,partner-thats-mandarin,manual_gmail_sent_bluehourchina,"https://bluehourchina.com/route-note/?utm_source=partner_followup&utm_medium=thats_mandarin&utm_campaign=first_customer_week&angle=student_route_note",sent,0,0,2026-07-09 09:00,若青中國旅策,"Sent from bluehourchina@gmail.com to marketing@thatsmandarin.com. Ask was Mandarin learner/visiting family route-note referral or correct community contact."
2026-07-07,Gmail partner,sent The Beijinger listing inquiry,partner-the-beijinger,manual_gmail_sent_bluehourchina,"https://bluehourchina.com/route-note/?utm_source=partner_followup&utm_medium=thebeijinger&utm_campaign=first_customer_week&angle=expat_route_note",sent,0,0,2026-07-09 09:00,若青中國旅策,"Sent from bluehourchina@gmail.com to listings@thebeijinger.com. Asked for suitable listing, directory, newsletter or advertising route."
2026-07-07,Gmail partner,sent Jingkids family route note email,partner-jingkids,manual_gmail_sent_bluehourchina,"https://bluehourchina.com/route-note/?utm_source=partner_followup&utm_medium=jingkids&utm_campaign=first_customer_week&angle=family_route_note",sent,0,0,2026-07-09 09:00,若青中國旅策,"Sent folder confirmed the email from bluehourchina@gmail.com to sales@truerun.com at 2026-07-07 06:01 +0800. A duplicate compose tab remained open, but the sent-mail record exists."
2026-07-07,Partner contact form,submitted That's Magazines listing inquiry,partner-thatsmags-contact,https://www.thatsmags.com/contact,"https://bluehourchina.com/route-note/?utm_source=partner_followup&utm_medium=thatsmags_contact&utm_campaign=first_customer_week&angle=expat_route_note",submitted_unconfirmed,0,0,2026-07-09 09:00,若青中國旅策,"Submitted Sales & Marketing contact form with brand email bluehourchina@gmail.com. Form cleared after site alert, but no persistent success text was available."
2026-07-07,Partner contact form,checked GoKunming contact form,gokunming-contact-captcha,https://www.gokunming.com/en/contact/,"https://bluehourchina.com/route-note/?utm_source=partner_followup&utm_medium=gokunming&utm_campaign=first_customer_week&angle=yunnan_route_note",blocked_captcha,0,0,2026-07-07 18:00,若青中國旅策,"GoKunming is a high-fit Yunnan English-language channel, but the contact form requires a security code / CAPTCHA. Do not count as sent until CAPTCHA is handled with user confirmation."
2026-07-07,Search conversion,upgraded WeChat Pay foreigner search entry,wechat-pay-visa-mastercard-search-entry,https://bluehourchina.com/before-china/wechat-pay-visa-mastercard/,"https://bluehourchina.com/before-china/wechat-pay-visa-mastercard/?utm_source=google&utm_medium=organic&utm_campaign=before_china_search_cluster&angle=wechat_pay_setup",ready_live,0,0,2026-07-08 12:00,若青中國旅策,"Reframed the English and Traditional Chinese WeChat Pay page around the exact search intent How to use WeChat Pay in China as a foreigner / 外國人來中國怎麼用微信支付, added quick-answer boxes, safety boundary language, updated AI-readable files and sources date. Discovery support only; not a lead."
2026-07-07,Lead operations,verified WeChat Pay search-entry form to Google Sheet,wechat-pay-search-entry-sheet-e2e,https://bluehourchina.com/before-china/wechat-pay-visa-mastercard/,"https://bluehourchina.com/before-china/wechat-pay-visa-mastercard/?utm_source=codex&utm_medium=e2e&utm_campaign=before_china_search_cluster&angle=wechat_pay_setup",verified_live,0,0,2026-07-08 09:00,若青中國旅策,"Submitted test lead Codex Search Entry Test through the upgraded WeChat Pay search-entry page. Page showed success, Leads CRM row 511 was created, then status and priority were cleaned to Test / Low. No real lead yet."
2026-07-07,AI search discovery,submitted updated search-entry pages to IndexNow,indexnow-wechat-pay-search-entry,https://bluehourchina.com/before-china/wechat-pay-visa-mastercard/,"https://bluehourchina.com/before-china/wechat-pay-visa-mastercard/?utm_source=ai_discovery&utm_medium=indexnow&utm_campaign=before_china_search_cluster&angle=wechat_pay_setup",submitted,0,0,2026-07-08 12:00,若青中國旅策,"Submitted sitemap with 66 URLs to IndexNow after WeChat Pay search-entry and AI-readable updates. Response was 200 OK. Discovery support only; not a lead."
2026-07-07,Gmail partner,accidental LTL email from personal account,partner-ltl-personal-sender-corrected,manual_gmail_sent_a93209thomas,"https://bluehourchina.com/route-note/?utm_source=partner_followup&utm_medium=ltl_school&utm_campaign=first_customer_week&angle=student_family_route",corrected_not_counted,0,0,2026-07-09 09:00,若青中國旅策,"Gmail detail showed a first LTL email was sent from a93209thomas@gmail.com to info@ltl-school.com at 2026-07-07 06:59 +0800. This is recorded for transparency and is not counted as the brand-send KPI; corrected by sending from bluehourchina@gmail.com."
2026-07-07,Gmail partner,sent LTL route-note referral email,partner-ltl-school,manual_gmail_sent_bluehourchina,"https://bluehourchina.com/route-note/?utm_source=partner_followup&utm_medium=ltl_school&utm_campaign=first_customer_week&angle=student_family_route",sent,0,0,2026-07-09 09:00,若青中國旅策,"Sent from bluehourchina@gmail.com to info@ltl-school.com at 2026-07-07 07:03 +0800. Ask was student/visiting-family route-note referral, listing, newsletter, partnership contact or student-resource contact."
2026-07-07,Gmail partner,sent Mandarin House route-note referral email,partner-mandarin-house,manual_gmail_sent_bluehourchina,"https://bluehourchina.com/route-note/?utm_source=partner_followup&utm_medium=mandarin_house&utm_campaign=first_customer_week&angle=student_family_route",sent,0,0,2026-07-09 09:00,若青中國旅策,"Sent from bluehourchina@gmail.com to info@mandarinhouse.com at 2026-07-07 07:07 +0800. Ask was student/alumni/visiting-family route-note referral, listing, newsletter or partnership contact."
2026-07-07,Gmail partner,sent Shanghai Family route-note referral email,partner-shanghai-family,manual_gmail_sent_bluehourchina,"https://bluehourchina.com/route-note/?utm_source=partner_followup&utm_medium=shanghai_family&utm_campaign=first_customer_week&angle=family_route_note",sent,0,0,2026-07-09 09:00,若青中國旅策,"Sent from bluehourchina@gmail.com to editor@shfamily.com at 2026-07-07 07:11 +0800. Ask was family/expat route-note referral, school-holiday/visiting-parent resource fit, listing, newsletter or editorial contact."
2026-07-07,Tripadvisor,attempted natural-wonders no-link reply,tripadvisor-natural-wonders-15d,https://www.tripadvisor.co.uk/ShowTopic-g294211-i642-k15550431-First_trip_to_China_Which_natural_wonders_to_add-China.html,"https://bluehourchina.com/china-travel/china-natural-wonders-15-days/?utm_source=tripadvisor&utm_medium=forum_reply&utm_campaign=first_customer_week&angle=natural_wonders_15d",blocked_login,0,0,2026-07-07 22:00,若青中國旅策,"Filled the approved no-link reply, but posting opened Tripadvisor login options Continue with Google / Continue with email before publication. Not posted and not counted. Needs explicit account-login decision or user manual login."
2026-07-07,Gmail partner,sent Chengdu Expat route-note referral email,partner-chengdu-expat,manual_gmail_sent_bluehourchina,"https://bluehourchina.com/route-note/?utm_source=partner_followup&utm_medium=chengdu_expat&utm_campaign=first_customer_week&angle=western_china_route_note",sent,0,0,2026-07-09 09:00,若青中國旅策,"Sent from bluehourchina@gmail.com to info@chengdu-expat.com at 2026-07-07 07:21 +0800. Ask was western-China/visiting-family route-note referral, WeChat group, listing, newsletter, sponsored content or community contact."
2026-07-07,Gmail partner,sent CLI Guilin route-note referral email,partner-cli-guilin,manual_gmail_sent_bluehourchina,"https://bluehourchina.com/route-note/?utm_source=partner_followup&utm_medium=cli_guilin&utm_campaign=first_customer_week&angle=student_family_route",sent,0,0,2026-07-09 09:00,若青中國旅策,"Sent from bluehourchina@gmail.com to info@studycli.org at 2026-07-07 07:33 +0800. Ask was student/alumni/visiting-family route-note referral, listing as a travel-planning resource, or correct community/partnership contact."
2026-07-07,Gmail partner,sent Omeida Yangshuo route-note referral email,partner-omeida-yangshuo,manual_gmail_sent_bluehourchina,"https://bluehourchina.com/route-note/?utm_source=partner_followup&utm_medium=omeida_yangshuo&utm_campaign=first_customer_week&angle=yangshuo_student_route",sent,0,0,2026-07-09 09:00,若青中國旅策,"Sent from bluehourchina@gmail.com to info@omeidachinese.com at 2026-07-07 07:36 +0800. Ask was Yangshuo/Guilin student community route-note referral, sharing as travel-planning resource, or correct student/community partnership contact."
2026-07-07,Gmail partner,sent GoEast Mandarin route-note referral email,partner-goeast-mandarin,manual_gmail_sent_bluehourchina,"https://bluehourchina.com/route-note/?utm_source=partner_followup&utm_medium=goeast_mandarin&utm_campaign=first_customer_week&angle=student_family_route",sent,0,0,2026-07-09 09:00,若青中國旅策,"Sent from bluehourchina@gmail.com to coursecenter@goeast.cn at 2026-07-07 07:39 +0800. Ask was Mandarin student/alumni/visiting-family route-note referral, resource sharing, or correct community/student partnership contact."
2026-07-07,Partner contact form,checked Mandarin Zone contact route,partner-mandarin-zone,https://www.mandarinzone.com/contact-us/,"https://bluehourchina.com/route-note/?utm_source=partner_followup&utm_medium=mandarin_zone&utm_campaign=first_customer_week&angle=student_family_route",blocked_captcha,0,0,2026-07-08 09:00,若青中國旅策,"No public email was extracted from the contact page; page appears to require a form/CAPTCHA. Not counted as sent."
2026-07-07,Gmail partner,sent SmartShanghai listing-fit email,partner-smartshanghai-sales,manual_gmail_sent_bluehourchina,"https://bluehourchina.com/route-note/?utm_source=partner_followup&utm_medium=smartshanghai&utm_campaign=first_customer_week&angle=expat_route_note",sent,0,0,2026-07-09 09:00,若青中國旅策,"Sent from bluehourchina@gmail.com to Kate.zhang@smartshanghai.com at 2026-07-07 07:49 +0800. Ask was directory, services, education/community, destination marketing, newsletter or starter listing fit for expat and pre-arrival audience."
2026-07-07,Gmail partner,sent LOST Magazine editorial visibility email,partner-lost-magazine,manual_gmail_sent_bluehourchina,"https://bluehourchina.com/?utm_source=partner_followup&utm_medium=lost_magazine&utm_campaign=first_customer_week&angle=editorial_visibility",sent,0,0,2026-07-09 09:00,若青中國旅策,"Sent from bluehourchina@gmail.com to lost@lostmagazine.org at 2026-07-07 07:52 +0800. Ask was story pitch, collaboration or contributor conversation around China beyond megacities. Brand visibility only; not counted as direct lead."
2026-07-07,Partner contact form,checked Hutong School contact route,partner-hutong-school,https://www.hutong-school.com/,"https://bluehourchina.com/route-note/?utm_source=partner_followup&utm_medium=hutong_school&utm_campaign=first_customer_week&angle=student_family_route",blocked_form,0,0,2026-07-08 09:00,若青中國旅策,"Official site routes contact to contact.nihaocafe.com/hutong and did not expose a public email. Not counted as sent; revisit only if manual form submission is worth it."
2026-07-07,Gmail partner,sent Silk Mandarin route-note referral email,partner-silk-mandarin,manual_gmail_sent_bluehourchina,"https://bluehourchina.com/route-note/?utm_source=partner_followup&utm_medium=silk_mandarin&utm_campaign=first_customer_week&angle=student_family_route",sent,0,0,2026-07-09 09:00,若青中國旅策,"Sent from bluehourchina@gmail.com to info@silkmandarin.cn at 2026-07-07 07:59 +0800. Ask was Mandarin student/alumni/visiting-family route-note referral, sharing as travel-planning resource, or correct student/community partnership contact."
2026-07-07,Gmail partner,sent XMandarin Qingdao route-note referral email,partner-xmandarin-qingdao,manual_gmail_sent_bluehourchina,"https://bluehourchina.com/route-note/?utm_source=partner_followup&utm_medium=xmandarin_qingdao&utm_campaign=first_customer_week&angle=student_family_route",sent,0,0,2026-07-09 09:00,若青中國旅策,"Sent from bluehourchina@gmail.com to study@xmandarinchinese.com at 2026-07-07 08:01 +0800. Ask was Qingdao student/alumni/visiting-family route-note referral, sharing as travel-planning resource, or correct student/community contact."
2026-07-07,Partner contact research,checked Keats Chinese School contact route,partner-keats-chinese,https://keatschinese.com/contact-us/,"https://bluehourchina.com/route-note/?utm_source=partner_followup&utm_medium=keats_chinese&utm_campaign=first_customer_week&angle=yunnan_student_route",blocked_cloudflare,0,0,2026-07-08 09:00,若青中國旅策,"Contact page returned Cloudflare attention/CAPTCHA and no public email was extracted. Not counted as sent; high Yunnan fit but needs manual browser or another official public contact."
2026-07-07,Partner contact research,checked Mandarin Blueprint contact route,partner-mandarin-blueprint,https://www.mandarinblueprint.com/contact/,"https://bluehourchina.com/route-note/?utm_source=partner_followup&utm_medium=mandarin_blueprint&utm_campaign=first_customer_week&angle=online_mandarin_route",blocked_cloudflare,0,0,2026-07-08 09:00,若青中國旅策,"Contact page returned a Just a moment / anti-bot page and no public email was extracted. Not counted as sent."
2026-07-07,Partner contact research,checked TutorMandarin contact route,partner-tutor-mandarin,https://www.tutormandarin.net/en/contact-us/,"https://bluehourchina.com/route-note/?utm_source=partner_followup&utm_medium=tutor_mandarin&utm_campaign=first_customer_week&angle=online_mandarin_route",blocked_timeout,0,0,2026-07-08 09:00,若青中國旅策,"Official contact page timed out during fetch and no public email was extracted. Not counted as sent."
2026-07-07,Gmail partner,sent Lost Plate route-extension referral email,partner-lost-plate,manual_gmail_sent_bluehourchina,"https://bluehourchina.com/route-note/?utm_source=partner_followup&utm_medium=lost_plate&utm_campaign=first_customer_week&angle=food_tour_route_extension",sent,0,0,2026-07-09 09:00,若青中國旅策,"Sent from bluehourchina@gmail.com to info@lostplate.com at 2026-07-07 08:10 +0800. Ask was food-tour guest route-extension referral or correct partnership/community contact."
2026-07-07,Gmail partner,sent Beijing Postcards culture route email,partner-beijing-postcards,manual_gmail_sent_bluehourchina,"https://bluehourchina.com/route-note/?utm_source=partner_followup&utm_medium=beijing_postcards&utm_campaign=first_customer_week&angle=culture_guest_route_extension",sent,0,0,2026-07-09 09:00,若青中國旅策,"Sent from bluehourchina@gmail.com to info@beijing-postcards.com at 2026-07-07 08:16 +0800. Ask was Beijing culture guest route-extension referral or correct partnership/community contact."
2026-07-07,Gmail partner,sent The Hutong culture route email,partner-the-hutong,manual_gmail_sent_bluehourchina,"https://bluehourchina.com/route-note/?utm_source=partner_followup&utm_medium=the_hutong&utm_campaign=first_customer_week&angle=culture_guest_route_extension",sent,0,0,2026-07-09 09:00,若青中國旅策,"Sent from bluehourchina@gmail.com to info@thehutong.com at 2026-07-07 08:21 +0800. Ask was culture-activity guest route-extension referral or correct partnership/community contact."
2026-07-07,Partner contact research,checked UnTour Food Tours contact route,partner-untour-food-tours,https://untourfoodtours.com/contact/,"https://bluehourchina.com/route-note/?utm_source=partner_followup&utm_medium=untour_food_tours&utm_campaign=first_customer_week&angle=food_tour_route_extension",blocked_no_public_email,0,0,2026-07-08 09:00,若青中國旅策,"Contact page was reviewed for a food-tour partner fit, but no public email was extracted in the current check. Not counted as sent."
2026-07-07,Gmail partner,sent Beijing by Foot walking-tour route email,partner-beijing-by-foot,manual_gmail_sent_bluehourchina,"https://bluehourchina.com/route-note/?utm_source=partner_followup&utm_medium=beijing_by_foot&utm_campaign=first_customer_week&angle=walking_tour_route_extension",sent,0,0,2026-07-09 09:00,若青中國旅策,"Sent from bluehourchina@gmail.com to info@beijingbyfoot.com at 2026-07-07 08:37 +0800. Ask was walking-tour guest route-extension referral or correct partnership/community contact."
2026-07-07,Partner contact research,checked Beijing Sideways contact route,partner-beijing-sideways,https://www.beijingsideways.com/contact/,"https://bluehourchina.com/route-note/?utm_source=partner_followup&utm_medium=beijing_sideways&utm_campaign=first_customer_week&angle=sidecar_tour_route_extension",blocked_403,0,0,2026-07-08 09:00,若青中國旅策,"Contact page returned 403 Forbidden in automated check. Not counted as sent."
2026-07-07,Partner contact research,checked Shanghai Insiders contact route,partner-shanghai-insiders,https://www.shanghaiinsiders.com/contact-us/,"https://bluehourchina.com/route-note/?utm_source=partner_followup&utm_medium=shanghai_insiders&utm_campaign=first_customer_week&angle=city_experience_route_extension",blocked_ssl,0,0,2026-07-08 09:00,若青中國旅策,"Contact page request failed with SSL/connect error. Not counted as sent."
2026-07-07,Partner contact research,checked Newman Tours contact route,partner-newman-tours,https://www.newmantours.com/contact-us/,"https://bluehourchina.com/route-note/?utm_source=partner_followup&utm_medium=newman_tours&utm_campaign=first_customer_week&angle=history_tour_route_extension",invalid_redirect,0,0,2026-07-08 09:00,若青中國旅策,"The checked URL resolved to an unrelated my-no-no.com page in automated fetch. Do not use the extracted email and do not count as sent."
2026-07-07,Partner contact research,checked Culture Yard contact route,partner-culture-yard,https://www.cultureyard.net/contact/,"https://bluehourchina.com/route-note/?utm_source=partner_followup&utm_medium=culture_yard&utm_campaign=first_customer_week&angle=language_student_route",blocked_no_public_email,0,0,2026-07-08 09:00,若青中國旅策,"Contact page was reviewed for language-student partner fit, but no public email was extracted in the current check. Not counted as sent."
2026-07-07,Gmail partner,sent Eating Adventures food-tour route email,partner-eating-adventures,manual_gmail_sent_bluehourchina,"https://bluehourchina.com/route-note/?utm_source=partner_followup&utm_medium=eating_adventures&utm_campaign=first_customer_week&angle=food_tour_route_extension",sent,0,0,2026-07-09 09:00,若青中國旅策,"Sent from bluehourchina@gmail.com to info@eatingadventures.com at 2026-07-07 08:51 +0800. Ask was Hong Kong/Shanghai/Guangzhou food-tour guest route-extension referral or correct partnership/community contact."
2026-07-07,Partner contact research,decoded Beijing Hikers public email,partner-beijing-hikers,https://www.beijinghikers.com/contact-info/,"https://bluehourchina.com/route-note/?utm_source=partner_followup&utm_medium=beijing_hikers&utm_campaign=first_customer_week&angle=hiking_guest_soft_route",ready_not_sent,0,0,2026-07-08 10:00,若青中國旅策,"Official contact-info page exposes info@beijinghikers.com through JavaScript. High-fit but adjacent/partially competitive; use a narrow soft-route message only for guests needing gentler non-hiking comfort planning."
2026-07-07,Partner contact research,checked Historic Shanghai contact route,partner-historic-shanghai,https://www.historic-shanghai.com/contact/,"https://bluehourchina.com/route-note/?utm_source=partner_followup&utm_medium=historic_shanghai&utm_campaign=first_customer_week&angle=history_guest_route_extension",blocked_invalid_contact_page,0,0,2026-07-08 10:00,若青中國旅策,"Contact route appeared to return a page-not-found/archive-style page and no usable public email was extracted. Not counted as sent."
2026-07-07,Partner contact research,checked Bike Beijing contact route,partner-bike-beijing,https://www.bikebeijing.com/contact/,"https://bluehourchina.com/route-note/?utm_source=partner_followup&utm_medium=bike_beijing&utm_campaign=first_customer_week&angle=city_tour_route_extension",blocked_lander_redirect,0,0,2026-07-08 10:00,若青中國旅策,"Contact route redirected to a generic lander placeholder and no usable public email was extracted. Not counted as sent."
2026-07-07,Gmail partner,sent Beijing Hikers soft-route referral email,partner-beijing-hikers,manual_gmail_sent_bluehourchina,"https://bluehourchina.com/route-note/?utm_source=partner_followup&utm_medium=beijing_hikers&utm_campaign=first_customer_week&angle=hiking_guest_soft_route",sent,0,0,2026-07-09 09:00,若青中國旅策,"Sent from bluehourchina@gmail.com to info@beijinghikers.com at 2026-07-07 08:53 +0800. Ask was narrow: refer guests needing gentler non-hiking comfort-first China route planning outside the hike/trip calendar."
2026-07-07,Gmail partner,attempted Cook In Shanghai cooking-class route email,partner-cook-in-shanghai,gmail_compose_timeout_unverified,"https://bluehourchina.com/route-note/?utm_source=partner_followup&utm_medium=cook_in_shanghai&utm_campaign=first_customer_week&angle=cooking_class_route_extension",send_unconfirmed_timeout,0,0,2026-07-07 12:00,若青中國旅策,"Public contact page lists cherry@cookinshanghai.com for public classes. Gmail compose opened under bluehourchina@gmail.com, but send/status verification timed out twice. Do not count as sent until Sent Mail confirms or resend is safely verified."
2026-07-07,Partner contact research,found Black Sesame Kitchen public contact email,partner-black-sesame-kitchen,https://blacksesamekitchen.com/contact-us/,"https://bluehourchina.com/route-note/?utm_source=partner_followup&utm_medium=black_sesame_kitchen&utm_campaign=first_customer_week&angle=cooking_class_route_extension",ready_not_sent,0,0,2026-07-07 12:00,若青中國旅策,"Contact page schema exposes blacksesamekitchenteam@gmail.com. High-fit Beijing cooking-class/culture audience; send only after Gmail channel is stable and account can be verified."
2026-07-07,Partner contact research,found Shanghai Young Bakers public email,partner-shanghai-young-bakers,https://www.shanghaiyoungbakers.com/contact-us/,"https://bluehourchina.com/route-note/?utm_source=partner_followup&utm_medium=shanghai_young_bakers&utm_campaign=first_customer_week&angle=baking_class_route_extension",hold_lower_priority,0,0,2026-07-08 12:00,若青中國旅策,"Contact page lists communication@shanghaiyoungbakers.com. Lower acquisition fit because it is a nonprofit training/social-enterprise context; do not prioritize unless seeking Shanghai community visibility."
2026-07-07,Search conversion,upgraded Before China query map and WeChat Pay HowTo,before-china-query-map-howto,https://bluehourchina.com/before-china/,"https://bluehourchina.com/before-china/?utm_source=google&utm_medium=organic&utm_campaign=before_china_search_cluster&angle=before_china_setup",ready_live,0,0,2026-07-08 12:00,若青中國旅策,"Added visible high-intent search question map, ItemList structured data, WeChat Pay HowTo structured data, AI-readable routing guidance and sitemap date refresh. QA: JSON-LD parse passed, static lead-form completeness passed, mobile/desktop layout audit checked 67 pages with 0 issues. Discovery support only; not a lead."
2026-07-07,AI search discovery,submitted refreshed Before China query map to IndexNow,indexnow-before-china-query-map,https://bluehourchina.com/before-china/,"https://bluehourchina.com/before-china/?utm_source=ai_discovery&utm_medium=indexnow&utm_campaign=before_china_search_cluster&angle=before_china_setup",submitted,0,0,2026-07-08 12:00,若青中國旅策,"Submitted 66 URLs to IndexNow after Before China query map and WeChat Pay HowTo update. Response was 200 OK. Discovery support only; not a lead."
2026-07-07,Social push,created 12-item before-China social push console,before-china-social-push-console,https://bluehourchina.com/ops/first-customer-2026-07-07-before-china-social-push.html,"https://bluehourchina.com/before-china/?utm_source=social&utm_medium=manual_batch&utm_campaign=first_customer_week&angle=before_china_setup",ready_to_copy,0,0,2026-07-08 09:00,若青中國旅策,"Built a mobile-friendly noindex control panel with 12 copy-ready posts/replies/DMs for payment, WeChat Pay, apps, route realism, Yunnan, Zhangjiajie seniors, family comfort, warm referrals and partner referrals. Requires manual posting or platform login to count as live exposure."
2026-07-07,Lead operations,cleaned CRM sample and test rows,google-sheet-crm-cleanup,https://docs.google.com/spreadsheets/d/1Nl6MXdnEQyKf68rTnO8KVQw0CtDAA3A9JCwwvUXCEps/edit,"https://bluehourchina.com/ops/first-customer-lead-triage.html",verified_crm_no_new_real_lead,0,0,2026-07-08 09:00,若青中國旅策,"Read Leads CRM metadata and bounded rows. Marked sample rows and one New test row as Not Fit / Low with ignore notes. Bounded search for New across A1:Z520 returned 0 real new leads. Goal remains distribution and first qualified consultation."
2026-07-07,Social push,created Australia payment-to-route trend push board,australia-payment-push-console,https://bluehourchina.com/ops/first-customer-2026-07-07-australia-payment-push.html,"https://bluehourchina.com/route-note/?utm_source=social&utm_medium=manual_batch&utm_campaign=first_customer_week&angle=australia_payment_to_route",ready_to_copy,0,0,2026-07-08 09:00,若青中國旅策,"Built a mobile noindex action board using current PayPal/WeChat Pay, Australia outbound-China travel and before-China practical-prep trends. Requires manual posting or platform login to count as live exposure; not a lead until replies or form rows appear."
2026-07-07,Partner wave 2,prepared second partner send packet,partner-wave2,https://bluehourchina.com/ops/first-customer-2026-07-07-partner-wave2.html,"https://bluehourchina.com/route-note/?utm_source=partner_wave2&utm_medium=ops&utm_campaign=first_customer_week&angle=partner_referral",prepared,0,0,2026-07-08 09:00,若青中國旅策,"Added Black Sesame Kitchen, Cook In Shanghai, UnTour Food Tours, Luxury Escapes Australia, Travel Associates Australia and Helloworld Travel Australia to Google Sheet Partner Dispatch and Partner Send Packet. Prioritize Black Sesame Kitchen; confirm Cook In Shanghai Sent Mail before duplicate send."
2026-07-07,Phone close sprint,created 10-minute phone close board,first-customer-2026-07-07-phone-close.html,https://bluehourchina.com/ops/first-customer-2026-07-07-phone-close.html,"https://bluehourchina.com/route-note/?utm_source=phone_close&utm_medium=ops&utm_campaign=first_customer_week&angle=route_note_24h",ready_not_sent,0,0,2026-07-08 09:00,若青中國旅策,"Compressed the immediate acquisition path into one phone page: Black Sesame Gmail draft, eight warm referral shares, one payment-rescue post, qualification copy and proof-row builder. Not a lead until live send proof, posted URL or serious traveller reply is recorded."
2026-07-07,Search conversion,created first-day arrival checklist and social copy,first-day-arrival-checklist,https://bluehourchina.com/before-china/china-first-day-arrival-checklist/,"https://bluehourchina.com/before-china/china-first-day-arrival-checklist/?utm_source=social&utm_medium=reply&utm_campaign=first_customer_week&angle=arrival_day_setup",ready_live_not_posted,0,0,2026-07-08 09:00,若青中國旅策,"Added English and Traditional Chinese arrival-day pages for first-day-in-China searches, connected them to Before China, sitemap, llms files and the 13-item social push board. Discovery and copy support only; not a lead until live post/reply or form submission proof appears."
